id	latin_name	initials	cultivar	icon_url
3	Abies balsamea	Aba	.	../Drawing/Icons/Plants/Plants/Abies_balsamea(Aba).svg
4	Abies balsameanana	Abn	.	../Drawing/Icons/Plants/Plants/Abies_balsameanana(Abn).svg
5	Acca sellowiana	As	.	../Drawing/Icons/Plants/Plants/Acca_sellowiana(As).svg
6	Acer macrophyllum	Am	.	../Drawing/Icons/Plants/Plants/Acer_macrophyllum(Am).svg
7	Acer sacarum	As	.	../Drawing/Icons/Plants/Plants/Acer_sacarum(As).svg
8	Achillea millefolium	Am	.	../Drawing/Icons/Plants/Plants/Achillea_millefolium(Am).svg
9	Actinidia arguta	Aa	.	../Drawing/Icons/Plants/Plants/Actinidia_arguta(Aa).svg
10	Actinidia deliciosa	Ad	.	../Drawing/Icons/Plants/Plants/Actinidia_deliciosa(Ad).svg
11	Actinidia kolomikta	Ak	.	../Drawing/Icons/Plants/Plants/Actinidia_kolomikta(Ak).svg
12	Agastache foeniculum	Af	.	../Drawing/Icons/Plants/Plants/Agastache_foeniculum(Af).svg
13	Ajuga reptans	Ar	.	../Drawing/Icons/Plants/Plants/Ajuga_reptans(Ar).svg
14	Akebia quinata	Ak	.	../Drawing/Icons/Plants/Plants/Akebia_quinata(Ak).svg
15	Allium ampeloprasum	Aa	.	../Drawing/Icons/Plants/Plants/Allium_ampeloprasum(Aa).svg
16	Allium cepa proliferum	Acp	.	../Drawing/Icons/Plants/Plants/Allium_cepa_proliferum(Acp).svg
17	Allium cernum	Acr	.	../Drawing/Icons/Plants/Plants/Allium_cernum(Acr).svg
18	Allium porrum	Ap	.	../Drawing/Icons/Plants/Plants/Allium_porrum(Ap).svg
19	Allium sativum	Asa	.	../Drawing/Icons/Plants/Plants/Allium_sativum(Asa).svg
20	Allium schoenoprasum	Asc	.	../Drawing/Icons/Plants/Plants/Allium_schoenoprasum(Asc).svg
21	Allium tricoccum	At	.	../Drawing/Icons/Plants/Plants/Allium_tricoccum(At).svg
22	Alnus rubra	Ar	.	../Drawing/Icons/Plants/Plants/Alnus_rubra(Ar).svg
23	Althea officinalis	Ao	.	../Drawing/Icons/Plants/Plants/Althea_officinalis(Ao).svg
24	Amelanchier alnifolia	Aa	.	../Drawing/Icons/Plants/Plants/Amelanchier_alnifolia(Aa).svg
25	Amelanchier canadensis	Aca	.	../Drawing/Icons/Plants/Plants/Amelanchier_canadensis(Aca).svg
26	Anethum graveolens	Agr	.	../Drawing/Icons/Plants/Plants/Anethum_graveolens(Agr).svg
27	Anthriscus cerefolium	Ac	.	../Drawing/Icons/Plants/Plants/Anthriscus_cerefolium(Ac).svg
28	Apium graveolens rapaceum		.	../Drawing/Icons/Plants/Plants/Apium_graveolens_rapaceum(Agc.svg
29	Aquilegia canadensis	Ac	.	../Drawing/Icons/Plants/Plants/Aquilegia_canadensis(Ac).svg
30	Aquilegia vulgaris	Av	.	../Drawing/Icons/Plants/Plants/Aquilegia_vulgaris(Av).svg
31	Aralia chinensis	Ach	.	../Drawing/Icons/Plants/Plants/Aralia_chinensis(Ach).svg
32	Araucaria araucana	Mp	.	../Drawing/Icons/Plants/Plants/Araucaria_araucana(Mp).svg
33	Arbutus unedo	Au	.	../Drawing/Icons/Plants/Plants/Arbutus_unedo(Au).svg
34	Arctostaphylos uva-ursi	Au	.	../Drawing/Icons/Plants/Plants/Arctostaphylos_uva-ursi(Au).svg
35	Armoracia rusticana	Ar	.	../Drawing/Icons/Plants/Plants/Armoracia_rusticana(Ar).svg
36	Aronia melanocarpa	Am	.	../Drawing/Icons/Plants/Plants/Aronia_melanocarpa(Am).svg
37	Artemisia dracunculoides	Adr	.	../Drawing/Icons/Plants/Plants/Artemisia_dracunculoides(Adr).svg
38	Artemisia dracunculus	Adu	.	../Drawing/Icons/Plants/Plants/Artemisia_dracunculus(Adu).svg
39	Asarum canadense	Ac	.	../Drawing/Icons/Plants/Plants/Asarum_canadense(Ac).svg
40	Asclepia incarnata	Ai	.	../Drawing/Icons/Plants/Plants/Asclepia_incarnata(Ai).svg
41	Asimina triloba	At	.	../Drawing/Icons/Plants/Plants/Asimina_triloba(At).svg
42	Asparagus officinalis	Ao	.	../Drawing/Icons/Plants/Plants/Asparagus_officinalis(Ao).svg
43	Bambusa multiplex	Bm	.	../Drawing/Icons/Plants/Plants/Bambusa_multiplex(Bm).svg
44	Bellis perennis	Bp	.	../Drawing/Icons/Plants/Plants/Bellis_perennis(Bp).svg
45	Berberis darwinii	Bd	.	../Drawing/Icons/Plants/Plants/Berberis_darwinii(Bd).svg
46	Berberis thunbergii	Bt	.	../Drawing/Icons/Plants/Plants/Berberis_thunbergii(Bt).svg
47	Betula pendula	Bp	.	../Drawing/Icons/Plants/Plants/Betula_pendula(Bp).svg
48	Borago officinalis	Bof	.	../Drawing/Icons/Plants/Plants/Borago_officinalis(Bof).svg
49	Brassica oleracea	Bol	.	../Drawing/Icons/Plants/Plants/Brassica_oleracea(Bol).svg
50	Buddleia davidii	Bd	.	../Drawing/Icons/Plants/Plants/Buddleia_davidii(Bd).svg
51	Calendula officinalis	Co	.	../Drawing/Icons/Plants/Plants/Calendula_officinalis(Co).svg
52	Calluna vulgaris	Cv	.	../Drawing/Icons/Plants/Plants/Calluna_vulgaris(Cv).svg
53	Camassia quamash	Cq	.	../Drawing/Icons/Plants/Plants/Camassia_quamash(Cq).svg
54	Camelia japonica	Cj	.	../Drawing/Icons/Plants/Plants/Camelia_japonica(Cj).svg
55	Camellia sasanqua	Csa	.	../Drawing/Icons/Plants/Plants/Camellia_sasanqua(Csa).svg
56	Camellia sinensis	Csi	.	../Drawing/Icons/Plants/Plants/Camellia_sinensis(Csi).svg
57	Campanula carpatica	Cc	.	../Drawing/Icons/Plants/Plants/Campanula_carpatica(Cc).svg
58	Capsicum annuum	Can	.	../Drawing/Icons/Plants/Plants/Capsicum_annuum(Can).svg
59	Caragana arborescens	Car	.	../Drawing/Icons/Plants/Plants/Caragana_arborescens(Car).svg
60	Carum carvi	Cc	.	../Drawing/Icons/Plants/Plants/Carum_carvi(Cc).svg
61	Castanaea dentata	Cd	.	../Drawing/Icons/Plants/Plants/Castanaea_dentata(Cd).svg
62	Castanea sativa	Cs	.	../Drawing/Icons/Plants/Plants/Castanea_sativa(Cs).svg
63	Centella asiatica	Ca	.	../Drawing/Icons/Plants/Plants/Centella_asiatica(Ca).svg
64	Chamaemelum nobile	Cn	.	../Drawing/Icons/Plants/Plants/Chamaemelum_nobile(Cn).svg
65	Chenopodium bonus-henricus	Cb	.	../Drawing/Icons/Plants/Plants/Chenopodium_bonus-henricus(Cb).svg
66	Chimaphila umbellata	Cu	.	../Drawing/Icons/Plants/Plants/Chimaphila_umbellata(Cu).svg
67	Chusquea culeou	Cc	.	../Drawing/Icons/Plants/Plants/Chusquea_culeou(Cc).svg
68	Claytonia perfoliata	Cp	.	../Drawing/Icons/Plants/Plants/Claytonia_perfoliata(Cp).svg
69	Clematis armandii	Ca	.	../Drawing/Icons/Plants/Plants/Clematis_armandii(Ca).svg
70	Clematis montana	Cm	.	../Drawing/Icons/Plants/Plants/Clematis_montana(Cm).svg
71	Clematis viticella	Cv	.	../Drawing/Icons/Plants/Plants/Clematis_viticella(Cv).svg
72	Convallaria majali	Cm	.	../Drawing/Icons/Plants/Plants/Convallaria majali(Cm).svg
73	Coriandrum sativum	Cs	.	../Drawing/Icons/Plants/Plants/Coriandrum_sativum(Cs).svg
74	Cornus canadensis	Cc	.	../Drawing/Icons/Plants/Plants/Cornus_canadensis(Cc).svg
75	Cornus kousa	Cc	.	../Drawing/Icons/Plants/Plants/Cornus_kousa(Cc).svg
76	Cornus mas	Cma	.	../Drawing/Icons/Plants/Plants/Cornus_mas(Cma).svg
77	Corylus avellana	Ca	.	../Drawing/Icons/Plants/Plants/Corylus_avellana(Ca).svg
78	Crambe maritima	Cm	.	../Drawing/Icons/Plants/Plants/Crambe_maritima(Cm).svg
79	Crataegus douglasii	Cd	.	../Drawing/Icons/Plants/Plants/Crataegus_douglasii(Cd).svg
80	Crataegus monogyna	Cmo	.	../Drawing/Icons/Plants/Plants/Crataegus_monogyna(Cmo).svg
81	Cryptotaenia japonica	Cj	.	../Drawing/Icons/Plants/Plants/Cryptotaenia_japonica(Cj).svg
82	Cucurbita moschata	Cm	.	../Drawing/Icons/Plants/Plants/Cucurbita_moschata(Cm).svg
83	Cydonia oblonga	Co	.	../Drawing/Icons/Plants/Plants/Cydonia_oblonga(Co).svg
84	Cynara scolymus	Cs	.	../Drawing/Icons/Plants/Plants/Cynara_scolymus(Cs).svg
85	Daucus carota	Dcw	.	../Drawing/Icons/Plants/Plants/Daucus_carota(Dcw).svg
86	Daucus carota sativus	Dcs	.	../Drawing/Icons/Plants/Plants/Daucus_carota_sativus(Dcs).svg
87	Dianthus barbatus	Db	.	../Drawing/Icons/Plants/Plants/Dianthus_barbatus(Db).svg
88	Dianthus caryophyllus	Dc	.	../Drawing/Icons/Plants/Plants/Dianthus_caryophyllus(Dc).svg
89	Diospiros kaki	Dk	.	../Drawing/Icons/Plants/Plants/Diospiros_kaki(Dk).svg
90	Diospiros virginiana	Dv	.	../Drawing/Icons/Plants/Plants/Diospiros_virginiana(Dv).svg
91	Diospyros lotus	Dl	.	../Drawing/Icons/Plants/Plants/Diospyros_lotus(Dl).svg
92	Echinacea purpurea	Ep	.	../Drawing/Icons/Plants/Plants/Echinacea_purpurea(Ep).svg
93	Elaeagnus angustifolia	Ea	.	../Drawing/Icons/Plants/Plants/Elaeagnus_angustifolia(Ea).svg
94	Elaeagnus multiflora	Em	.	../Drawing/Icons/Plants/Plants/Elaeagnus_multiflora(Em).svg
95	Elaeagnus multiflora ovatum	Emo	.	../Drawing/Icons/Plants/Plants/Elaeagnus_multiflora_ovatum(Emo).svg
96	Elaeagnus umbellata	Eu	.	../Drawing/Icons/Plants/Plants/Elaeagnus_umbellata(Eu).svg
97	Elaeagnus x ebbingei	Exe	.	../Drawing/Icons/Plants/Plants/Elaeagnus_x_ebbingei(Exe).svg
98	Equisetum arvense	Ea	.	../Drawing/Icons/Plants/Plants/Equisetum_arvense(Ea).svg
99	Erythronium oregonum	Eo	.	../Drawing/Icons/Plants/Plants/Erythronium_oregonum(Eo).svg
100	Erythronium revolutum	Er	.	../Drawing/Icons/Plants/Plants/Erythronium_revolutum(Er).svg
101	Eschscholzia californica	Ec	.	../Drawing/Icons/Plants/Plants/Eschscholzia_californica(Ec).svg
102	Fagus sylvatica	Fs	.	../Drawing/Icons/Plants/Plants/Fagus_sylvatica(Fs).svg
103	Ficus carica	Fc	.	../Drawing/Icons/Plants/Plants/Ficus_carica(Fc).svg
104	Foeniculum vulgare azoricum	Fva	.	../Drawing/Icons/Plants/Plants/Foeniculum_vulgare_azoricum(Fva).svg
105	Foeniculum vulgare	Fvu	.	../Drawing/Icons/Plants/Plants/Foeniculum_vulgare(Fvu).svg
106	Fragaria x ananassa	Fxa	.	../Drawing/Icons/Plants/Plants/Fragaria_x_ananassa(Fxa).svg
107	Fuchsia coccinea	Fc	.	../Drawing/Icons/Plants/Plants/Fuchsia_coccinea(Fc).svg
108	Galium odoratum	Go	.	../Drawing/Icons/Plants/Plants/Galium_odoratum(Go).svg
109	Gaultheria mucronata	Gm	.	../Drawing/Icons/Plants/Plants/Gaultheria_mucronata(Gm).svg
110	Gaultheria procumbens	Gp	.	../Drawing/Icons/Plants/Plants/Gaultheria_procumbens(Gp).svg
111	Gaultheria shallon	Gs	.	../Drawing/Icons/Plants/Plants/Gaultheria_shallon(Gs).svg
112	Ginkgo biloba	Gb	.	../Drawing/Icons/Plants/Plants/Ginkgo_biloba(Gb).svg
113	Hamamelis virginiana	Hv	.	../Drawing/Icons/Plants/Plants/Hamamelis_virginiana(Hv).svg
114	Helianthus annuus	Ha	.	../Drawing/Icons/Plants/Plants/Helianthus_annuus(Ha).svg
115	Helianthus tuberosus	Ht	.	../Drawing/Icons/Plants/Plants/Helianthus_tuberosus(Ht).svg
116	Hemerocallis lilioasphodelus	Hl	.	../Drawing/Icons/Plants/Plants/Hemerocallis_lilioasphodelus(Hl).svg
117	Hibiscus syriacus	Hs	.	../Drawing/Icons/Plants/Plants/Hibiscus_syriacus(Hs).svg
118	Hippophae rhamnoides	Hr	.	../Drawing/Icons/Plants/Plants/Hippophae_rhamnoides(Hr).svg
119	Holodiscus discolor	Hd	.	../Drawing/Icons/Plants/Plants/Holodiscus_discolor(Hd).svg
120	Humulus lupulus	Hl	.	../Drawing/Icons/Plants/Plants/Humulus_lupulus(Hl).svg
121	Hydrangea macrophylla	Hm	.	../Drawing/Icons/Plants/Plants/Hydrangea_macrophylla(Hm).svg
122	Hydrangea serrata	Hs	.	../Drawing/Icons/Plants/Plants/Hydrangea_serrata(Hs).svg
123	Hypericum perforatum	Hp	.	../Drawing/Icons/Plants/Plants/Hypericum_perforatum(Hp).svg
124	Hyssopus officinalis	Ho	.	../Drawing/Icons/Plants/Plants/Hyssopus_officinalis(Ho).svg
125	Imperata cylindrica	Ic	.	../Drawing/Icons/Plants/Plants/Imperata_cylindrica(Ic).svg
126	Juglans ailanthifolia cordiformis	Jac	.	../Drawing/Icons/Plants/Plants/Juglans_ailanthifolia_cordiformis(Jac).svg
127	Juglans ailanthifolia	Jai	.	../Drawing/Icons/Plants/Plants/Juglans_ailanthifolia(Jai).svg
128	Juglans cinerea	Jc	.	../Drawing/Icons/Plants/Plants/Juglans_cinerea(Jc).svg
129	Juglans nigra	Jn	.	../Drawing/Icons/Plants/Plants/Juglans_nigra(Jn).svg
130	Juglans regia	Jr	.	../Drawing/Icons/Plants/Plants/Juglans_regia(Jr).svg
131	Juniperus communis	Jc	.	../Drawing/Icons/Plants/Plants/Juniperus_communis(Jc).svg
132	Lactuca sativa	Ls	.	../Drawing/Icons/Plants/Plants/Lactuca_sativa(Ls).svg
133	Laurus nobilis	Ln	.	../Drawing/Icons/Plants/Plants/Laurus_nobilis(Ln).svg
134	Lavandula angustifolia	La	.	../Drawing/Icons/Plants/Plants/Lavandula_angustifolia(La).svg
135	Lentinula edodes	Le	.	../Drawing/Icons/Plants/Plants/Lentinula_edodes(Le).svg
136	Leucanthemum vulgare	Lv	.	../Drawing/Icons/Plants/Plants/Leucanthemum_vulgare(Lv).svg
137	Levisticum officinale	Lo	.	../Drawing/Icons/Plants/Plants/Levisticum_officinale(Lo).svg
138	Leycesteria formosa	Lf	.	../Drawing/Icons/Plants/Plants/Leycesteria_formosa(Lf).svg
139	Lonicera caerulea	Lc	.	../Drawing/Icons/Plants/Plants/Lonicera_caerulea(Lc).svg
140	Lonicera ciliosa	Lc	.	../Drawing/Icons/Plants/Plants/Lonicera_ciliosa(Lc).svg
141	Lupinus polyphyllus	Lp	.	../Drawing/Icons/Plants/Plants/Lupinus_polyphyllus(Lp).svg
142	Lycium barbarum	Lb	.	../Drawing/Icons/Plants/Plants/Lycium_barbarum(Lb).svg
143	Lycium chinense	Lc	.	../Drawing/Icons/Plants/Plants/Lycium_chinense(Lc).svg
144	Lycopersicon esculentum	Le	.	../Drawing/Icons/Plants/Plants/Lycopersicon_esculentum(Le).svg
145	Lysichiton americanus	La	.	../Drawing/Icons/Plants/Plants/Lysichiton_americanus(La).svg
146	Mahonia aquifolium	Ma	.	../Drawing/Icons/Plants/Plants/Mahonia_aquifolium(Ma).svg
147	Mahonia nervosa	Mn	.	../Drawing/Icons/Plants/Plants/Mahonia_nervosa(Mn).svg
148	Mahonia x media	Mxm	.	../Drawing/Icons/Plants/Plants/Mahonia_x_media(Mxm).svg
149	Malus domestica	Md	.	../Drawing/Icons/Plants/Plants/Malus_domestica(Md).svg
150	Malus fusca	Mf	.	../Drawing/Icons/Plants/Plants/Malus_fusca(Mf).svg
151	Malva sylvestris	Ms	.	../Drawing/Icons/Plants/Plants/Malva_sylvestris(Ms).svg
152	Matricaria recutita	Mr	.	../Drawing/Icons/Plants/Plants/Matricaria_recutita(Mr).svg
153	Medicago sativa	Ms	.	../Drawing/Icons/Plants/Plants/Medicago_sativa(Ms).svg
154	Melissa officinalis	Mo	.	../Drawing/Icons/Plants/Plants/Melissa_officinalis(Mo).svg
155	Mentha spicata	Ms	.	../Drawing/Icons/Plants/Plants/Mentha_spicata(Ms).svg
156	Mentha x piperita vulgaris	Mxp	.	../Drawing/Icons/Plants/Plants/Mentha_x_piperita_vulgaris(Mxp).svg
157	Mespilus germanica	Mg	.	../Drawing/Icons/Plants/Plants/Mespilus_germanica(Mg).svg
158	Micromeria juliana	Mj	.	../Drawing/Icons/Plants/Plants/Micromeria_juliana(Mj).svg
159	Monarda didyma	Md	.	../Drawing/Icons/Plants/Plants/Monarda_didyma(Md).svg
160	Morus alba	Ma	.	../Drawing/Icons/Plants/Plants/Morus_alba(Ma).svg
161	Morus nigra	Mn	.	../Drawing/Icons/Plants/Plants/Morus_nigra(Mn).svg
162	Myrica californica	Mca	.	../Drawing/Icons/Plants/Plants/Myrica_californica(Mca).svg
163	Myrtus communis	Mco	.	../Drawing/Icons/Plants/Plants/Myrtus_communis(Mco).svg
164	Najas flexilis	Nj	.	../Drawing/Icons/Plants/Plants/Najas_flexilis(Nj).svg
165	Nasturtium microphyllum	Nm	.	../Drawing/Icons/Plants/Plants/Nasturtium_microphyllum(Nm).svg
166	Nasturtium officinale	No	.	../Drawing/Icons/Plants/Plants/Nasturtium_officinale(No).svg
167	Nuphar lutea	Nl	.	../Drawing/Icons/Plants/Plants/Nuphar_lutea(Nl).svg
168	Nuphar polysepala	Np	.	../Drawing/Icons/Plants/Plants/Nuphar_polysepala(Np).svg
169	Ocimum basilicum	Ob	.	../Drawing/Icons/Plants/Plants/Ocimum_basilicum(Ob).svg
170	Origanum majorana	Om	.	../Drawing/Icons/Plants/Plants/Origanum_majorana(Om).svg
171	Origanum vulgare	Ov	.	../Drawing/Icons/Plants/Plants/Origanum_vulgare(Ov).svg
172	Oxalis tuberosa	Ot	.	../Drawing/Icons/Plants/Plants/Oxalis_tuberosa(Ot).svg
173	Oxydendrum arboreum	Oa	.	../Drawing/Icons/Plants/Plants/Oxydendrum_arboreum(Oa).svg
174	Pachysandra terminalis	Pt	.	../Drawing/Icons/Plants/Plants/Pachysandra_terminalis(Pt).svg
175	Papaver nudicaule	Pn	.	../Drawing/Icons/Plants/Plants/Papaver_nudicaule(Pn).svg
176	Passiflora incarnata	Pi	.	../Drawing/Icons/Plants/Plants/Passiflora_incarnata(Pi).svg
177	Petroselinum crispum	Pc	.	../Drawing/Icons/Plants/Plants/Petroselinum_crispum(Pc).svg
178	Phaseolus coccineus	Pc	.	../Drawing/Icons/Plants/Plants/Phaseolus_coccineus(Pc).svg
179	Phormium tenax	Pt	.	../Drawing/Icons/Plants/Plants/Phormium_tenax(Pt).svg
180	Phyllostachys aurea	Pg	.	../Drawing/Icons/Plants/Plants/Phyllostachys_aurea(Pg).svg
181	Phyllostachys aureosulcata	Pa	.	../Drawing/Icons/Plants/Plants/Phyllostachys_aureosulcata(Pa).svg
182	Phyllostachys nigra	Pn	.	../Drawing/Icons/Plants/Plants/Phyllostachys_nigra(Pn).svg
183	Pinus cembra	Pce	.	../Drawing/Icons/Plants/Plants/Pinus_cembra(Pce).svg
184	Pinus contorta	Pco	.	../Drawing/Icons/Plants/Plants/Pinus_contorta(Pco).svg
185	Pinus koraiensis	Pk	.	../Drawing/Icons/Plants/Plants/Pinus_koraiensis(Pk).svg
186	Pleurotus ostreatus	Po	.	../Drawing/Icons/Plants/Plants/Pleurotus_ostreatus(Po).svg
187	Polygonatum biflorum	Pb	.	../Drawing/Icons/Plants/Plants/Polygonatum_biflorum(Pb).svg
188	Polygonatum commutatum	Pc	.	../Drawing/Icons/Plants/Plants/Polygonatum_commutatum(Pc).svg
189	Prunus americana	Pam	.	../Drawing/Icons/Plants/Plants/Prunus_americana(Pam).svg
190	Prunus armeniaca	Par	.	../Drawing/Icons/Plants/Plants/Prunus_armeniaca(Par).svg
191	Prunus avium	Pav	.	../Drawing/Icons/Plants/Plants/Prunus_avium(Pav).svg
192	Prunus avivum	Paw	.	../Drawing/Icons/Plants/Plants/Prunus_avivum(Paw).svg
193	Prunus cerasifera	Pcr	.	../Drawing/Icons/Plants/Plants/Prunus_cerasifera(Pcr).svg
194	Prunus domestica	Pdo	.	../Drawing/Icons/Plants/Plants/Prunus_domestica(Pdo).svg
195	Prunus dulcis	Pdu	.	../Drawing/Icons/Plants/Plants/Prunus_dulcis(Pdu).svg
196	Prunus laurocerasus	Plo	.	../Drawing/Icons/Plants/Plants/Prunus_laurocerasus(Plo).svg
197	Prunus lusitanica	Plu	.	../Drawing/Icons/Plants/Plants/Prunus_lusitanica(Plu).svg
198	Prunus persica espalier	Ppe	.	../Drawing/Icons/Plants/Plants/Prunus_persica_espalier(Ppe).svg
199	Prunus persica nucipersica espalier	Pne	.	../Drawing/Icons/Plants/Plants/Prunus_persica_nucipersica_espalier(Pne).svg
200	Prunus persica nucipersica	Ppn	.	../Drawing/Icons/Plants/Plants/Prunus_persica_nucipersica(Ppn).svg
201	Prunus persica	Ppe	.	../Drawing/Icons/Plants/Plants/Prunus_persica(Ppe).svg
202	Pseudotsuga menziesii	Pm	.	../Drawing/Icons/Plants/Plants/Pseudotsuga_menziesii(Pm).svg
203	Pyrus communis sativa	Pcs	.	../Drawing/Icons/Plants/Plants/Pyrus_communis_sativa(Pcs).svg
204	Pyrus pyrifoila culta	Ppc	.	../Drawing/Icons/Plants/Plants/Pyrus_pyrifoila_culta(Ppc).svg
205	Pyrus pyrifoila	Pp	.	../Drawing/Icons/Plants/Plants/Pyrus_pyrifoila(Pp).svg
206	Quercus macrocarpa	Qm	.	../Drawing/Icons/Plants/Plants/Quercus_macrocarpa(Qm).svg
207	Quercus robur	Qr	.	../Drawing/Icons/Plants/Plants/Quercus_robur(Qr).svg
208	Raphanus sativus	Rs	.	../Drawing/Icons/Plants/Plants/Raphanus_sativus(Rs).svg
209	Rheum palmatum	Rp	.	../Drawing/Icons/Plants/Plants/Rheum_palmatum(Rp).svg
210	Rheum rhaponticum	Rr	.	../Drawing/Icons/Plants/Plants/Rheum_rhaponticum(Rr).svg
211	Rhus aromatica	Ra	.	../Drawing/Icons/Plants/Plants/Rhus_aromatica(Ra).svg
212	Rhus typhina	Rt	.	../Drawing/Icons/Plants/Plants/Rhus_typhina(Rt).svg
213	Ribes nigrum	Rn	.	../Drawing/Icons/Plants/Plants/Ribes_nigrum(Rn).svg
214	Ribes odoratum	Ro	.	../Drawing/Icons/Plants/Plants/Ribes_odoratum(Ro).svg
215	Ribes rubrum	Rr	.	../Drawing/Icons/Plants/Plants/Ribes_rubrum(Rr).svg
216	Ribes uva-crispa	Ru	.	../Drawing/Icons/Plants/Plants/Ribes_uva-crispa(Ru).svg
217	Ribes x culverwellii	Rxc	.	../Drawing/Icons/Plants/Plants/Ribes_x_culverwellii(Rxc).svg
218	Rosa nutkana	Rno	.	../Drawing/Icons/Plants/Plants/Rosa_nutkana(Rno).svg
219	Rosa rugosa	Rr	.	../Drawing/Icons/Plants/Plants/Rosa_rugosa(Rr).svg
220	Rosmarinus officinalis	Rof	.	../Drawing/Icons/Plants/Plants/Rosmarinus_officinalis(Rof).svg
221	Rubus arcticus	Rar	.	../Drawing/Icons/Plants/Plants/Rubus_arcticus(Rar).svg
222	Rubus frutucosus	Rf	.	../Drawing/Icons/Plants/Plants/Rubus_frutucosus(Rf).svg
223	Rubus idaeus	Ri	.	../Drawing/Icons/Plants/Plants/Rubus_idaeus(Ri).svg
224	Rubus leucodermis	Rl	.	../Drawing/Icons/Plants/Plants/Rubus_leucodermis(Rl).svg
225	Rubus occidentalis	Ro	.	../Drawing/Icons/Plants/Plants/Rubus_occidentalis(Ro).svg
226	Rubus procerus	Rp	.	../Drawing/Icons/Plants/Plants/Rubus_procerus(Rp).svg
227	Rubus ursinus	Ru	.	../Drawing/Icons/Plants/Plants/Rubus_ursinus(Ru).svg
228	Rumex acetosa	Rac	.	../Drawing/Icons/Plants/Plants/Rumex_acetosa(Rac).svg
229	Ruta graveolens	Rg	.	../Drawing/Icons/Plants/Plants/Ruta_graveolens(Rg).svg
230	Sagittaria latifolia	Sl	.	../Drawing/Icons/Plants/Plants/Sagittaria_latifolia(Sl).svg
231	Salix purpurea	Sp	.	../Drawing/Icons/Plants/Plants/Salix_purpurea(Sp).svg
232	Salvia officinalis	So	.	../Drawing/Icons/Plants/Plants/Salvia_officinalis(So).svg
233	Sambucus caerulaea	Sc	.	../Drawing/Icons/Plants/Plants/Sambucus_caerulaea(Sc).svg
234	Sambucus canadensis	Sc	.	../Drawing/Icons/Plants/Plants/Sambucus_canadensis(Sc).svg
235	Sambucus nigra	Sn	.	../Drawing/Icons/Plants/Plants/Sambucus_nigra(Sn).svg
236	Sasa veitchii	Sv	.	../Drawing/Icons/Plants/Plants/Sasa_veitchii(Sv).svg
237	Schisandra chinensis	Sc	.	../Drawing/Icons/Plants/Plants/Schisandra_chinensis(Sc).svg
238	Semiarundinaria fastuosa	Sf	.	../Drawing/Icons/Plants/Plants/Semiarundinaria_fastuosa(Sf).svg
239	Sempervivum tectorum	Ste	.	../Drawing/Icons/Plants/Plants/Sempervivum_tectorum(Ste).svg
240	Smilacena racemosa	Sr	.	../Drawing/Icons/Plants/Plants/Smilacena_racemosa(Sr).svg
241	Solanum tuberosum	Stu	.	../Drawing/Icons/Plants/Plants/Solanum_tuberosum(Stu).svg
242	Spinacia oleracea	So	.	../Drawing/Icons/Plants/Plants/Spinacia_oleracea(So).svg
243	Stachys affinis	Sa	.	../Drawing/Icons/Plants/Plants/Stachys_affinis(Sa).svg
244	Stellaria media	Sm	.	../Drawing/Icons/Plants/Plants/Stellaria_media(Sm).svg
245	Stropharia rugosoannulata	Sr	.	../Drawing/Icons/Plants/Plants/Stropharia_rugosoannulata(Sr).svg
246	Symphoricarpos albus laevigatus	Sal	.	../Drawing/Icons/Plants/Plants/Symphoricarpos_albus_laevigatus(Sal).svg
247	Symphytum officinale	So	.	../Drawing/Icons/Plants/Plants/Symphytum_officinale(So).svg
248	Symphytum uplandicum	Su	.	../Drawing/Icons/Plants/Plants/Symphytum_uplandicum(Su).svg
249	Taraxacum officinale	To	.	../Drawing/Icons/Plants/Plants/Taraxacum_officinale(To).svg
250	Taxus baccata	Tb	.	../Drawing/Icons/Plants/Plants/Taxus_baccata(Tb).svg
251	Taxus x media	Txh	'Hicksii'	../Drawing/Icons/Plants/Plants/Taxus_x_media'Hicksii'(Txh).svg
252	Taxus x media	Txe	'HM_Eddie'	../Drawing/Icons/Plants/Plants/Taxus_x_media'HM_Eddie'(Txe).svg
253	Thuja plicata	Tp	.	../Drawing/Icons/Plants/Plants/Thuja_plicata(Tp).svg
254	Thymus psedolanuginosus	Tp	.	../Drawing/Icons/Plants/Plants/Thymus_psedolanuginosus(Tp).svg
255	Thymus pseudolanuginosus	Tp	.	../Drawing/Icons/Plants/Plants/Thymus_pseudolanuginosus(Tp).svg
256	Thymus vulgaris	Tv	.	../Drawing/Icons/Plants/Plants/Thymus_vulgaris(Tv).svg
257	Trifolium incarnatum	Ti	.	../Drawing/Icons/Plants/Plants/Trifolium_incarnatum(Ti).svg
258	Trifolium repens	Tr	.	../Drawing/Icons/Plants/Plants/Trifolium_repens(Tr).svg
259	Trillium erectum	Te	.	../Drawing/Icons/Plants/Plants/Trillium_erectum(Te).svg
260	Tropaeolum majus	Tm	.	../Drawing/Icons/Plants/Plants/Tropaeolum_majus(Tm).svg
261	Typha angustifolia	Ta	.	../Drawing/Icons/Plants/Plants/Typha_angustifolia(Ta).svg
262	Ugni molinae	Um	.	../Drawing/Icons/Plants/Plants/Ugni_molinae(Um).svg
263	Urtica dioca	Ud	.	../Drawing/Icons/Plants/Plants/Urtica_dioca(Ud).svg
264	Vaccinium corymbosum	Vcb	'Blue_Crop'	../Drawing/Icons/Plants/Plants/Vaccinium_corymbosum'Blue_Crop'(Vcb).svg
265	Vaccinium corymbosum	Vcd	'Draper'	../Drawing/Icons/Plants/Plants/Vaccinium_corymbosum'Draper'(Vcd).svg
266	Vaccinium corymbosum	Vcd	'Duke'	../Drawing/Icons/Plants/Plants/Vaccinium_corymbosum'Duke'(Vcd).svg
267	Vaccinium corymbosum	Vcl	'Liberty'	../Drawing/Icons/Plants/Plants/Vaccinium_corymbosum'Liberty'(Vcl).svg
268	Vaccinium corymbosum	Vcr	'Reka'	../Drawing/Icons/Plants/Plants/Vaccinium_corymbosum'Reka'(Vcr).svg
269	Vaccinium corymbosum	Vcs	.	../Drawing/Icons/Plants/Plants/Vaccinium_corymbosum(Vcs).svg
270	Vaccinium macrocarpon	Vm	.	../Drawing/Icons/Plants/Plants/Vaccinium_macrocarpon(Vm).svg
271	Vaccinium ovatum	Vov	.	../Drawing/Icons/Plants/Plants/Vaccinium_ovatum(Vov).svg
272	Vaccinium oxycoccos	Vox	.	../Drawing/Icons/Plants/Plants/Vaccinium_oxycoccos(Vox).svg
273	Vaccinium parvifolium	Vp	.	../Drawing/Icons/Plants/Plants/Vaccinium_parvifolium(Vp).svg
274	Vaccinium vitis-idaea	Vvi	.	../Drawing/Icons/Plants/Plants/Vaccinium_vitis-idaea(Vvi).svg
275	Valeriana capitata	Vc	.	../Drawing/Icons/Plants/Plants/Valeriana_capitata(Vc).svg
276	Valeriana officinalis	Vo	.	../Drawing/Icons/Plants/Plants/Valeriana_officinalis(Vo).svg
277	Viburnum edule	Ve	.	../Drawing/Icons/Plants/Plants/Viburnum_edule(Ve).svg
278	Viburnum x bodnantense	Vxb	.	../Drawing/Icons/Plants/Plants/Viburnum_x_bodnantense(Vxb).svg
279	Vicia faba major	Vfm	.	../Drawing/Icons/Plants/Plants/Vicia_faba_major(Vfm).svg
280	Viola cornuta	Vco	.	../Drawing/Icons/Plants/Plants/Viola_cornuta(Vco).svg
281	Vitis vinifera	Vv	.	../Drawing/Icons/Plants/Plants/Vitis_vinifera(Vv).svg
282	Wisteria floribunda	Wf	.	../Drawing/Icons/Plants/Plants/Wisteria_floribunda(Wf).svg
283	Wisteria sinensis	Ws	.	../Drawing/Icons/Plants/Plants/Wisteria_sinensis(Ws).svg
284	Yucca filamentosa	Yf	.	../Drawing/Icons/Plants/Plants/Yucca_filamentosa(Yf).svg
285	Zantedeschia aethiopica	Za	.	../Drawing/Icons/Plants/Plants/Zantedeschia_aethiopica(Za).svg
286	Zanthoxylum piperitum	Zp	.	../Drawing/Icons/Plants/Plants/Zanthoxylum_piperitum(Zp).svg
287	Zanthoxylum simulans	Zs	.	../Drawing/Icons/Plants/Plants/Zanthoxylum_simulans(Zs).svg
288	Zea mays	Zm	.	../Drawing/Icons/Plants/Plants/Zea_mays(Zm).svg
289	Zizania aquatica	Za	.	../Drawing/Icons/Plants/Plants/Zizania_aquatica(Za).svg
290	Ziziphus jujuba	Zj	.	../Drawing/Icons/Plants/Plants/Ziziphus_jujuba(Zj).svg
